name,url


Arena,/arena
Jack,/arena#jack
Brad,/arena#brad
Astrid,/arena#astrid
Reginald,/arena#reginald
Nicola,/arena#nicola
Scales,/arena#scales


Codex,/codex
Scrapper Coast Codex,/codex#scrapper-coast
Great Desert Codex,/codex#great-desert
Fall Grove Codex,/codex#fall-grove
Saltwater Swamp Codex,/codex#saltwater-swamp
Parched Sea Codex,/codex#parched-sea
Rare Jackalope,/codex#scrapper-coast


Danger Zones,/danger-zones
Exterminator,/danger-zones#exterminator-squads
Frozen Wastes,/danger-zones#frozen-wastes
Molten Rock,/danger-zones#molten-rock
Vivid Valley,/danger-zones#vivid-valley
Scrapyard,/danger-zones#scrapyard
Bexley The Brave,/danger-zones#bexley-the-brave
Ember and Flake,/danger-zones#ember-and-flake
Larry,/danger-zones#larry
Mad Scientist,/danger-zones#mad-scientist
Mechanic,/danger-zones#mechanic
Merchant,/danger-zones#merchant
Trix,/danger-zones#trix


Maps,/maps
Scrapper Coast Maps,/maps#scrapper-coast
Great Desert Maps,/maps#great-desert
Fall Grove Maps,/maps#fall-grove
Saltwater Swamp Maps,/maps#saltwater-swamp
Parched Sea Maps,/maps#parched-sea
Spore Woods Maps,/maps#spore-woods
Ashen Shore Maps,/maps#ashen-shore


Recruits,/recruits


Comps & Combos,/comps
Combos,/comps
Comps,/comps
